{"accuracy": 0.959779678451332, "classification_report": {"NEG": {"precision": 0.9737889767876521, "recall": 0.9822894257961816, "f1-score": 0.9780207312670828, "support": 289601.0}, "POS": {"precision": 0.8009701202949165, "recall": 0.7294155063962118, "f1-score": 0.7635200118369461, "support": 28298.0}, "accuracy": 0.959779678451332, "macro avg": {"precision": 0.8873795485412843, "recall": 0.8558524660961967, "f1-score": 0.8707703715520144, "support": 317899.0}, "weighted avg": {"precision": 0.9584053863987819, "recall": 0.959779678451332, "f1-score": 0.9589268009356441, "support": 317899.0}}, "confusion_matrix": [[284472, 5129], [7657, 20641]]}