{"accuracy": 0.8764678720921156, "classification_report": {"Intermediate": {"precision": 0.8633524234321038, "recall": 0.413074894979203, "f1-score": 0.5587928219573549, "support": 193057.0}, "Resistant": {"precision": 0.7872615961875222, "recall": 0.6659788245281151, "f1-score": 0.721559275328863, "support": 596067.0}, "Susceptible": {"precision": 0.8942790524968681, "recall": 0.9659851733874008, "f1-score": 0.928750113626762, "support": 2400953.0}, "accuracy": 0.8764678720921156, "macro avg": {"precision": 0.8482976907054981, "recall": 0.6816796309649064, "f1-score": 0.7363674036376601, "support": 3190077.0}, "weighted avg": {"precision": 0.8724111864994959, "recall": 0.8764678720921156, "f1-score": 0.867647367119535, "support": 3190077.0}}, "confusion_matrix": [[79747, 31622, 81688], [6603, 396968, 192496], [6019, 75649, 2319285]]}